"site","genus","species"
"concord","Ranunculus","abortivus"
"fargo","Ranunculus","abortivus"
"concord","Artemisia","absinthium"
"fitter","Carduus","acanthoides"
"fitter","Cirsium","acaule"
"concord","Cypripedium","acaule"
"fitter","Erigeron","acer"
"concord","Viburnum","acerifolium"
"fitter","Rumex","acetosa"
"fitter","Oxalis","acetosella"
"concord","Rumex","acetosella"
"fitter","Rumex","acetosella"
"fargo","Polygonum","achoreum"
"concord","Sedum","acre"
"fitter","Sedum","acre"
"concord","Ranunculus","acris"
"fitter","Ranunculus","acris"
"concord","Aster","acuminatus"
"fargo","Cotoneaster","acutifolius"
"fitter","Carex","acutiformis"
"fargo","Alopecurus","aequalis"
"concord","Vitis","aestivalis"
"konza","Lythrum","alatum"
"fargo","Cornus","alba"
"concord","Melilotus","alba"
"fargo","Melilotus","alba"
"concord","Prenanthes","alba"
"fitter","Sinapis","alba"
"concord","Spiraea","alba"
"fargo","Spiraea","alba"
"fargo","Penstemon","albidus"
"concord","Chenopodium","album"
"fargo","Chenopodium","album"
"fitter","Chenopodium","album"
"fitter","Lamium","album"
"fargo","Dictamnus","albus"
"konza","Callirhoe","alcaeoides"
"concord","Geum","aleppicum"
"fargo","Amelanchier","alnifolia"
"concord","Clethra","alnifolia"
"concord","Cornus","alternifolia"
"concord","Ludwigia","alternifolia"
"konza","Verbesina","alternifolia"
"konza","Cirsium","altissimum"
"konza","Eupatorium","altissimum"
"fargo","Sisymbrium","altissimum"
"fitter","Melilotus","altissimus"
"fitter","Gentianella","amarella"
"concord","Apios","americana"
"fargo","Corylus","americana"
"concord","Phytolacca","americana"
"konza","Phytolacca","americana"
"concord","Prunus","americana"
"fargo","Prunus","americana"
"konza","Prunus","americana"
"fargo","Tilia","americana"
"fargo","Ulmus","americana"
"konza","Ulmus","americana"
"fargo","Vicia","americana"
"konza","Vicia","americana"
"concord","Erythronium","americanum"
"fargo","Ribes","americanum"
"fargo","Zanthoxylum","americanum"
"konza","Zanthoxylum","americanum"
"concord","Ceanothus","americanus"
"concord","Lycopus","americanus"
"konza","Lycopus","americanus"
"concord","Cornus","amomum"
"fitter","Sison","amomum"
"fitter","Rorippa","amphibia"
"concord","Lamium","amplexicaule"
"fitter","Euphorbia","amygdaloides"
"fargo","Salix","amygdaloides"
"concord","Gentiana","andrewsii"
"concord","Apocynum","androsaemifolium"
"fargo","Apocynum","androsaemifolium"
"concord","Sicyos","angulatus"
"fargo","Echinacea","angustifolia"
"konza","Echinacea","angustifolia"
"fargo","Elaeagnus","angustifolia"
"concord","Kalmia","angustifolia"
"fitter","Poa","angustifolia"
"fitter","Chamaenerion","angustifolium"
"concord","Epilobium","angustifolium"
"concord","Sisyrinchium","angustifolium"
"fargo","Sisyrinchium","angustifolium"
"concord","Vaccinium","angustifolium"
"fitter","Lunaria","annua"
"fargo","Poa","annua"
"concord","Erigeron","annuus"
"konza","Erigeron","annuus"
"konza","Helianthus","annuus"
"concord","Scleranthus","annuus"
"fitter","Potentilla","anserina"
"concord","Silene","antirrhina"
"concord","Galium","aparine"
"fargo","Galium","aparine"
"fitter","Galium","aparine"
"concord","Campanula","aparinoides"
"fitter","Ophrys","apifera"
"fargo","Antennaria","aprica"
"fargo","Zizia","aptera"
"fitter","Mentha","aquatica"
"fitter","Ilex","aquifolium"
"fitter","Mahonia","aquifolium"
"fitter","Pteridium","aquilinum"
"fargo","Caragana","arborescens"
"fargo","Elaeagnus","argentea"
"concord","Potentilla","argentea"
"fargo","Shepherdia","argentea"
"fargo","Psoralea","argophylla"
"konza","Psoralea","argophylla"
"concord","Potentilla","arguta"
"fargo","Potentilla","arguta"
"fargo","Spiraea","arguta"
"fitter","Sorbus","aria"
"concord","Polygonum","arifolium"
"fargo","Gaillardia","aristata"
"fargo","Rosa","arkansana"
"konza","Rosa","arkansana"
"fargo","Prunus","armeniaca"
"concord","Dianthus","armeria"
"concord","Silene","armeria"
"konza","Rhus","aromatica"
"fargo","Ambrosia","artemisifolia"
"concord","Ambrosia","artemisiifolia"
"fitter","Festuca","arundinacea"
"fargo","Cerastium","arvense"
"concord","Cirsium","arvense"
"fargo","Cirsium","arvense"
"fitter","Cirsium","arvense"
"fitter","Equisetum","arvense"
"fargo","Thlaspi","arvense"
"concord","Trifolium","arvense"
"concord","Anagallis","arvensis"
"fitter","Anagallis","arvensis"
"fargo","Brassica","arvensis"
"fargo","Convolvulus","arvensis"
"fitter","Convolvulus","arvensis"
"fitter","Knautia","arvensis"
"concord","Mentha","arvensis"
"fitter","Mentha","arvensis"
"concord","Myosotis","arvensis"
"fitter","Myosotis","arvensis"
"fitter","Rosa","arvensis"
"fargo","Sonchus","arvensis"
"fitter","Sonchus","arvensis"
"concord","Spergula","arvensis"
"concord","Veronica","arvensis"
"fitter","Veronica","arvensis"
"fitter","Viola","arvensis"
"concord","Sonchus","asper"
"fitter","Sonchus","asper"
"konza","Agalinis","aspera"
"fargo","Liatris","aspera"
"konza","Liatris","aspera"
"fargo","Erysimum","asperum"
"concord","Galium","asprellum"
"concord","Sericocarpus","asteroides"
"concord","Sisyrinchium","atlanticum"
"concord","Angelica","atropurpurea"
"concord","Arisaema","atrorubens"
"fitter","Sorbus","aucuparia"
"concord","Triosteum","aurantiacum"
"fargo","Corydalis","aurea"
"concord","Gratiola","aurea"
"concord","Zizia","aurea"
"fargo","Zizia","aurea"
"konza","Zizia","aurea"
"concord","Trifolium","aureum"
"concord","Senecio","aureus"
"fitter","Ranunculus","auricomus"
"fitter","Scrophularia","auriculata"
"konza","Baptisia","australis"
"fitter","Phragmites","australis"
"concord","Leontodon","autumnalis"
"fitter","Leontodon","autumnalis"
"fitter","Corylus","avellana"
"concord","Polygonum","aviculare"
"fargo","Polygonum","aviculare"
"fitter","Polygonum","aviculare"
"fitter","Prunus","avium"
"konza","Salvia","azurea"
"concord","Gaylussacia","baccata"
"fargo","Malus","baccata"
"fitter","Taxus","baccata"
"konza","Vernonia","baldwinii"
"fitter","Veronica","beccabunga"
"concord","Megalodonta","beckii"
"fitter","Atropa","bella-donna"
"concord","Lindera","benzoin"
"fitter","Phleum","bertolonii"
"fitter","Carpinus","betulus"
"concord","Solidago","bicolor"
"fitter","Crepis","biennis"
"concord","Lactuca","biennis"
"concord","Oenothera","biennis"
"fargo","Oenothera","biennis"
"konza","Oenothera","biennis"
"fargo","Catalpa","bignonioides"
"konza","Glandularia","bipinnatifida"
"fargo","Carex","blanda"
"fargo","Rosa","blanda"
"concord","Viola","blanda"
"konza","Verbascum","blattaria"
"concord","Habenaria","blephariglottis"
"fargo","Galium","boreale"
"concord","Clintonia","borealis"
"concord","Liatris","borealis"
"concord","Linnaea","borealis"
"concord","Trientalis","borealis"
"concord","Amphicarpa","bracteata"
"konza","Amphicarpaea","bracteata"
"konza","Baptisia","bracteata"
"fargo","Tradescantia","bracteata"
"konza","Tradescantia","bracteata"
"concord","Viola","brittoniana"
"concord","Cicuta","bulbifera"
"concord","Arethusa","bulbosa"
"concord","Cardamine","bulbosa"
"concord","Ranunculus","bulbosus"
"fitter","Ranunculus","bulbosus"
"concord","Capsella","bursa-pastoris"
"fargo","Capsella","bursa-pastoris"
"concord","Houstonia","caerulea"
"fitter","Rubus","caesius"
"concord","Acorus","calamus"
"fitter","Polygala","calcarea"
"concord","Chamaedaphne","calyculata"
"fitter","Acer","campestre"
"concord","Lepidium","campestre"
"konza","Sisyrinchium","campestre"
"concord","Trifolium","campestre"
"fitter","Trifolium","campestre"
"fitter","Luzula","campestris"
"concord","Allium","canadense"
"konza","Allium","canadense"
"concord","Asarum","canadense"
"concord","Desmodium","canadense"
"concord","Geum","canadense"
"concord","Helianthemum","canadense"
"concord","Hieracium","canadense"
"concord","Hypericum","canadense"
"concord","Lilium","canadense"
"concord","Maianthemum","canadense"
"fargo","Menispermum","canadense"
"concord","Rhododendron","canadense"
"konza","Teucrium","canadense"
"concord","Amelanchier","canadensis"
"fargo","Anemone","canadensis"
"concord","Aquilegia","canadensis"
"fargo","Aquilegia","canadensis"
"fargo","Astragalus","canadensis"
"konza","Cercis","canadensis"
"fitter","Conyza","canadensis"
"concord","Cornus","canadensis"
"fargo","Cryptotaenia","canadensis"
"fargo","Elymus","canadensis"
"konza","Elymus","canadensis"
"concord","Erigeron","canadensis"
"fargo","Erigeron","canadensis"
"konza","Glandularia","canadensis"
"concord","Lactuca","canadensis"
"concord","Linaria","canadensis"
"concord","Pedicularis","canadensis"
"fargo","Pedicularis","canadensis"
"concord","Potentilla","canadensis"
"concord","Sambucus","canadensis"
"konza","Sambucus","canadensis"
"concord","Sanguinaria","canadensis"
"fargo","Sanguinaria","canadensis"
"concord","Solidago","canadensis"
"fargo","Solidago","canadensis"
"fitter","Solidago","canadensis"
"konza","Solidago","canadensis"
"fargo","Viola","canadensis"
"fargo","Dalea","candida"
"konza","Dalea","candida"
"fargo","Cypripedium","candidum"
"fargo","Amorpha","canescens"
"konza","Amorpha","canescens"
"konza","Chrysopsis","canescens"
"konza","Desmodium","canescens"
"fargo","Lithospermum","canescens"
"fitter","Populus","canescens"
"fitter","Rosa","canina"
"fitter","Elymus","caninus"
"concord","Apocynum","cannabinum"
"konza","Apocynum","cannabinum"
"fitter","Eupatorium","cannabinum"
"concord","Impatiens","capensis"
"fitter","Crepis","capillaris"
"concord","Lespedeza","capitata"
"konza","Lespedeza","capitata"
"konza","Croton","capitatus"
"fitter","Salix","caprea"
"concord","Leonurus","cardiaca"
"concord","Lobelia","cardinalis"
"konza","Lobelia","cardinalis"
"concord","Polygonum","careyi"
"concord","Rosa","carolina"
"konza","Solanum","carolinense"
"concord","Claytonia","caroliniana"
"concord","Silene","caroliniana"
"concord","Xyris","caroliniana"
"fargo","Delphinium","carolinianum"
"konza","Delphinium","carolinianum"
"concord","Daucus","carota"
"fitter","Daucus","carota"
"concord","Carum","carvi"
"fitter","Carex","caryophyllea"
"concord","Viburnum","cassinoides"
"concord","Nepeta","cataria"
"fargo","Rhamnus","cathartica"
"fitter","Rhamnus","cathartica"
"fitter","Linum","catharticum"
"fitter","Prunus","cerasifera"
"concord","Prunus","cerasus"
"fargo","Secale","cereale"
"concord","Bidens","cernua"
"konza","Spiranthes","cernua"
"concord","Trillium","cernuum"
"fargo","Trillium","cernuum"
"fitter","Deschampsia","cespitosa"
"konza","Cassia","chamaecrista"
"fitter","Veronica","chamaedrys"
"fitter","Erysimum","cheiri"
"fargo","Tamarix","chinensis"
"concord","Pyrola","chlorantha"
"fargo","Crataegus","chrysocarpa"
"fargo","Eragrostis","cilianensis"
"concord","Lysimachia","ciliata"
"fargo","Lysimachia","ciliata"
"fitter","Epilobium","ciliatum"
"fargo","Juglans","cinerea"
"concord","Galium","circaezans"
"concord","Habenaria","clavellata"
"fargo","Daphne","cneorum"
"konza","Penstemon","cobaea"
"concord","Castilleja","coccinea"
"fargo","Gaura","coccinea"
"fargo","Sphaeralcea","coccinea"
"concord","Polygonum","coccineum"
"fargo","Polygonum","coccineum"
"concord","Epilobium","coloratum"
"fitter","Scabiosa","columbaria"
"fargo","Ratibida","columnifera"
"konza","Ratibida","columnifera"
"fitter","Lapsana","communis"
"fitter","Pyrus","communis"
"fitter","Tamus","communis"
"fargo","Polygonatum","commutatum"
"fargo","Eleocharis","compressa"
"fargo","Poa","compressa"
"fitter","Rumex","conglomeratus"
"fitter","Gymnadenia","conopsea"
"concord","Viola","conspersa"
"fitter","Fallopia","convolvulus"
"fitter","Inula","conyzae"
"concord","Rhus","copallina"
"concord","Nymphoides","cordata"
"fargo","Salix","cordata"
"concord","Aster","cordifolius"
"fitter","Lotus","corniculatus"
"concord","Utricularia","cornuta"
"konza","Euphorbia","corollata"
"fargo","Philadelphus","coronarius"
"concord","Vaccinium","corymbosum"
"concord","Anthemis","cotula"
"concord","Vicia","cracca"
"fitter","Vicia","cracca"
"fargo","Astragalus","crassicarpus"
"konza","Astragalus","crassicarpus"
"konza","Hedyotis","crassifolia"
"concord","Gentiana","crinita"
"concord","Rumex","crispus"
"fargo","Rumex","crispus"
"fitter","Rumex","crispus"
"fitter","Cynosurus","cristatus"
"concord","Crataegus","crus-galli"
"concord","Silene","cucubalus"
"konza","Dicentra","cucullaria"
"concord","Viola","cucullata"
"fargo","Sagittaria","cuneata"
"konza","Draba","cuneifolia"
"konza","Bouteloua","curtipendula"
"konza","Nothocalais","cuspidata"
"fargo","Anemone","cylindrica"
"concord","Boehmeria","cylindrica"
"fargo","Ranunculus","cymbalaria"
"fitter","Asperula","cynanchica"
"fitter","Aethusa","cynapium"
"concord","Euphorbia","cyparissias"
"konza","Buchloe","dactyloides"
"konza","Tripsacum","dactyloides"
"fitter","Cephalanthera","damasonium"
"concord","Thalictrum","dasycarpum"
"fargo","Thalictrum","dasycarpum"
"fitter","Buddleja","davidii"
"fitter","Larix","decidua"
"fargo","Hackelia","deflexa"
"fargo","Populus","deltoides"
"konza","Populus","deltoides"
"konza","Agalinis","densiflora"
"fargo","Lepidium","densiflorum"
"fitter","Valerianella","dentata"
"concord","Trichostema","dichotomum"
"concord","Monarda","didyma"
"fitter","Dryopteris","dilatata"
"concord","Habenaria","dilatata"
"fitter","Bryonia","dioica"
"fargo","Lonicera","dioica"
"fitter","Silene","dioica"
"concord","Urtica","dioica"
"fargo","Urtica","dioica"
"fitter","Urtica","dioica"
"concord","Thalictrum","dioicum"
"concord","Cardamine","diphylla"
"fitter","Matricaria","discoidea"
"fargo","Salix","discolor"
"fitter","Cirsium","dissectum"
"fitter","Geranium","dissectum"
"fitter","Carex","disticha"
"konza","Phlox","divaricata"
"concord","Aster","divaricatus"
"fitter","Malus","domestica"
"fargo","Cardaria","draba"
"fitter","Lepidium","draba"
"konza","Amphiachyris","dracunculoides"
"konza","Cornus","drummondii"
"konza","Symphyotrichum","drummondii"
"concord","Eupatorium","dubium"
"fitter","Papaver","dubium"
"fitter","Trifolium","dubium"
"fargo","Tragopogon","dubius"
"konza","Tragopogon","dubius"
"concord","Solanum","dulcamara"
"fitter","Solanum","dulcamara"
"concord","Aster","dumosus"
"fitter","Pulicaria","dysenterica"
"fitter","Milium","effusum"
"fitter","Juncus","effusus"
"concord","Rosa","eglanteria"
"fitter","Arrhenatherum","elatius"
"fargo","Zigadenus","elegans"
"concord","Pyrola","elliptica"
"concord","Hypericum","ellipticum"
"concord","Scutellaria","epilobiifolia"
"konza","Commelina","erecta"
"fitter","Potentilla","erecta"
"fitter","Bromus","erectus"
"fargo","Aster","ericoides"
"konza","Symphyotrichum","ericoides"
"fargo","Viola","eriocarpa"
"fitter","Cirsium","eriophorum"
"fitter","Senecio","erucifolius"
"concord","Fagopyrum","esculentum"
"konza","Pediomelum","esculentum"
"fitter","Agrimonia","eupatoria"
"konza","Kuhnia","eupatorioides"
"concord","Oxalis","europaea"
"fargo","Oxalis","europaea"
"fitter","Sanicula","europaea"
"fitter","Euonymus","europaeus"
"fitter","Lycopus","europaeus"
"concord","Sparganium","eurycarpum"
"fitter","Euphorbia","exigua"
"fargo","Medicago","falcata"
"fitter","Tussilago","farfara"
"concord","Ranunculus","fascicularis"
"concord","Cassia","fasciculata"
"fargo","Vernonia","fasciculata"
"fargo","Avena","fatua"
"fitter","Avena","fatua"
"fitter","Ranunculus","ficaria"
"fitter","Veronica","filiformis"
"fitter","Dryopteris","filix-mas"
"concord","Habenaria","fimbriata"
"concord","Monarda","fistulosa"
"konza","Monarda","fistulosa"
"concord","Ranunculus","flabellaris"
"concord","Aureolaria","flava"
"concord","Habenaria","flava"
"fitter","Trisetum","flavescens"
"konza","Tridens","flavus"
"fitter","Deschampsia","flexuosa"
"concord","Photinia","floribunda"
"concord","Cornus","florida"
"fitter","Lychnis","flos-cuculi"
"fitter","Glyceria","fluitans"
"fargo","Schoenoplectus","fluviatilis"
"konza","Lomatium","foeniculaceum"
"konza","Cucurbita","foetidissima"
"concord","Symplocarpus","foetidus"
"fitter","Cerastium","fontanum"
"fitter","Salix","fragilis"
"concord","Bidens","frondosa"
"fargo","Amorpha","fruticosa"
"konza","Amorpha","fruticosa"
"concord","Potentilla","fruticosa"
"fargo","Potentilla","fruticosa"
"fitter","Rubus","fruticosus"
"fitter","Dactylorhiza","fuchsii"
"concord","Hemerocallis","fulva"
"fargo","Ulmus","fulva"
"concord","Adlumia","fungosa"
"concord","Myrica","gale"
"fitter","Lamiastrum","galeobdolon"
"fitter","Alopecurus","geniculatus"
"concord","Hypericum","gentianoides"
"fargo","Andropogon","gerardii"
"konza","Andropogon","gerardii"
"fitter","Gentianella","germanica"
"fitter","Festuca","gigantea"
"concord","Solidago","gigantea"
"fargo","Solidago","gigantea"
"fargo","Acer","ginnala"
"konza","Aesculus","glabra"
"concord","Chelone","glabra"
"concord","Rhus","glabra"
"fargo","Rhus","glabra"
"konza","Rhus","glabra"
"fitter","Ulmus","glabra"
"fitter","Impatiens","glandulifera"
"fargo","Agoseris","glauca"
"konza","Yucca","glauca"
"concord","Andromeda","glaucophylla"
"fargo","Chenopodium","glaucum"
"fitter","Campanula","glomerata"
"fitter","Cerastium","glomeratum"
"fitter","Alnus","glutinosa"
"konza","Desmodium","glutinosum"
"konza","Bouteloua","gracilis"
"fargo","Penstemon","gracilis"
"concord","Spiranthes","gracilis"
"fargo","Amaranthus","graecizans"
"concord","Stellaria","graminea"
"fitter","Stellaria","graminea"
"concord","Solidago","graminifolia"
"fargo","Uvularia","grandiflora"
"concord","Trillium","grandiflorum"
"fargo","Penstemon","grandiflorus"
"konza","Penstemon","grandiflorus"
"fargo","Glyceria","grandis"
"concord","Ledum","groenlandicum"
"concord","Cuscuta","gronovii"
"concord","Verbena","hastata"
"concord","Senna","hebecarpa"
"concord","Glechoma","hederacea"
"fitter","Glechoma","hederacea"
"fitter","Veronica","hederifolia"
"concord","Inula","helenium"
"fargo","Heliopsis","helianthoides"
"konza","Heliopsis","helianthoides"
"fitter","Euphorbia","helioscopia"
"fitter","Hedera","helix"
"fitter","Epipactis","helleborine"
"concord","Smilax","herbacea"
"fargo","Smilax","herbacea"
"konza","Ceanothus","herbaceus"
"konza","Physalis","heterophylla"
"concord","Erechtites","hieracifolia"
"fitter","Picris","hieracioides"
"fitter","Aesculus","hippocastanum"
"konza","Bouteloua","hirsuta"
"fitter","Cardamine","hirsuta"
"concord","Hypoxis","hirsuta"
"fargo","Hypoxis","hirsuta"
"fitter","Epilobium","hirsutum"
"fitter","Hypericum","hirsutum"
"konza","Helianthus","hirsutus"
"fitter","Carex","hirta"
"concord","Lespedeza","hirta"
"concord","Rudbeckia","hirta"
"konza","Rudbeckia","hirta"
"fitter","Viola","hirta"
"concord","Aralia","hispida"
"fitter","Leontodon","hispidus"
"fitter","Stellaria","holostea"
"fargo","Phlox","hoodii"
"fitter","Bromus","hordeaceus"
"fargo","Rosa","hugonis"
"konza","Ruellia","humilis"
"concord","Lysimachia","hybrida"
"concord","Trifolium","hybridum"
"fitter","Petasites","hybridus"
"fitter","Rumex","hydrolapathum"
"concord","Polygonum","hydropiper"
"concord","Polygonum","hydropiperoides"
"fargo","Apocynum","hypericifolium"
"fargo","Astragalus","hypoglottis"
"concord","Monotropa","hypopithys"
"fargo","Chrysobalanus","icaco"
"fitter","Rubus","idaeus"
"concord","Quercus","ilicifolia"
"konza","Desmodium","illinoense"
"konza","Desmanthus","illinoensis"
"concord","Asclepias","incarnata"
"fitter","Dactylorhiza","incarnata"
"fargo","Lithospermum","incisum"
"konza","Lithospermum","incisum"
"fargo","Bromus","inermis"
"konza","Spermolepis","inermis"
"concord","Doellingeria","infirma"
"concord","Lobelia","inflata"
"concord","Utricularia","inflata"
"fitter","Juncus","inflexus"
"fitter","Tripleurospermum","inodorum"
"konza","Silphium","integrifolium"
"fargo","Salix","interior"
"concord","Drosera","intermedia"
"concord","Lechea","intermedia"
"concord","Lespedeza","intermedia"
"concord","Cichorium","intybus"
"fitter","Cichorium","intybus"
"konza","Callirhoe","involucrata"
"concord","Roripa","islandica"
"fargo","Rorippa","islandica"
"fitter","Senecio","jacobaea"
"fitter","Fallopia","japonica"
"fitter","Torilis","japonica"
"fargo","Hordeum","jubatum"
"concord","Solidago","juncea"
"fargo","Salsola","kali"
"concord","Vitis","labrusca"
"concord","Habenaria","lacera"
"concord","Rudbeckia","laciniata"
"fargo","Rudbeckia","laciniata"
"konza","Silphium","laciniatum"
"fitter","Schoenoplectus","lacustris"
"konza","Symphyotrichum","laeve"
"concord","Aster","laevis"
"fargo","Aster","laevis"
"concord","Bidens","laevis"
"fargo","Oxytropis","lambertii"
"fargo","Heracleum","lanatum"
"concord","Plantago","lanceolata"
"fitter","Plantago","lanceolata"
"concord","Viola","lanceolata"
"concord","Galium","lanceolatum"
"konza","Symphyotrichum","lanceolatum"
"fitter","Viburnum","lantana"
"fargo","Carex","lanuginosa"
"fitter","Persicaria","lapathifolia"
"concord","Polygonum","lapathifolium"
"fitter","Arctium","lappa"
"concord","Arenaria","lateriflora"
"fargo","Arenaria","lateriflora"
"concord","Scutellaria","lateriflora"
"concord","Kalmia","latifolia"
"concord","Sagittaria","latifolia"
"fitter","Silene","latifolia"
"fargo","Typha","latifolia"
"fitter","Typha","latifolia"
"fitter","Lathyrus","latifolius"
"fargo","Boltonia","latisquama"
"fitter","Daphne","laureola"
"concord","Myosotis","laxa"
"concord","Viburnum","lentago"
"fargo","Viburnum","lentago"
"fargo","Glycyrrhiza","lepidota"
"fargo","Scrophularia","leporella"
"konza","Triodanus","leptocarpa"
"concord","Epilobium","leptophyllum"
"concord","Phryma","leptostachya"
"concord","Chrysanthemum","leucanthemum"
"fargo","Chrysanthemum","leucanthemum"
"concord","Lyonia","ligustrina"
"concord","Aster","linariifolius"
"concord","Melampyrum","lineare"
"konza","Stenosiphon","linifolius"
"concord","Echinocystis","lobata"
"fitter","Valerianella","locusta"
"konza","Hieracium","longipilum"
"fargo","Osmorhiza","longistylis"
"concord","Diervilla","lonicera"
"fargo","Lactuca","ludoviciana"
"fargo","Medicago","lupulina"
"fitter","Medicago","lupulina"
"fitter","Pseudofumaria","lutea"
"fitter","Reseda","lutea"
"fitter","Reseda","luteola"
"fitter","Circaea","lutetiana"
"konza","Lonicera","maackii"
"konza","Calystegia","macounii"
"fargo","Ranunculus","macounii"
"fitter","Koeleria","macrantha"
"konza","Koeleria","macrantha"
"konza","Oenothera","macrocarpa"
"fargo","Quercus","macrocarpa"
"konza","Quercus","macrocarpa"
"concord","Vaccinium","macrocarpon"
"fitter","Cicerbita","macrophylla"
"concord","Aster","macrophyllus"
"konza","Opuntia","macrorhiza"
"concord","Cicuta","maculata"
"fargo","Cicuta","maculata"
"concord","Corallorhiza","maculata"
"concord","Euphorbia","maculata"
"fitter","Conium","maculatum"
"konza","Conium","maculatum"
"concord","Geranium","maculatum"
"fargo","Geranium","maculatum"
"fitter","Persicaria","maculosa"
"concord","Convallaria","majalis"
"fargo","Convallaria","majalis"
"fargo","Plantago","major"
"fitter","Plantago","major"
"fitter","Antirrhinum","majus"
"concord","Chelidonium","majus"
"fitter","Chelidonium","majus"
"fitter","Conopodium","majus"
"concord","Malus","malus"
"concord","Anaphalis","margaritacea"
"konza","Euphorbia","marginata"
"concord","Sanicula","marilandica"
"concord","Desmodium","marilandicum"
"concord","Prunus","maritima"
"fargo","Sanicula","marylandica"
"fargo","Hesperis","matronalis"
"fitter","Hesperis","matronalis"
"fitter","Glyceria","maxima"
"fargo","Helianthus","maximiliani"
"konza","Helianthus","maximiliani"
"konza","Carex","meadii"
"fitter","Briza","media"
"fitter","Plantago","media"
"concord","Stellaria","media"
"fargo","Stellaria","media"
"fitter","Trifolium","medium"
"concord","Photinia","melanocarpa"
"fargo","Rumex","mexicanus"
"fitter","Daphne","mezereum"
"konza","Corydalis","micrantha"
"concord","Nuphar","microphyllum"
"concord","Achillea","millefolium"
"fargo","Achillea","millefolium"
"fitter","Achillea","millefolium"
"konza","Achillea","millefolium"
"fitter","Rhinanthus","minor"
"fitter","Sanguisorba","minor"
"fitter","Vinca","minor"
"concord","Arctium","minus"
"fargo","Arctium","minus"
"fitter","Arctium","minus"
"konza","Ribes","missouriense"
"konza","Astragalus","missouriensis"
"konza","Escobaria","missouriensis"
"fargo","Grossularia","missouriensis"
"fargo","Solidago","missouriensis"
"konza","Solidago","missouriensis"
"konza","Onosmodium","molle"
"fargo","Crataegus","mollis"
"konza","Gaura","mollis"
"konza","Croton","monanthogynus"
"concord","Oxalis","montana"
"fitter","Veronica","montana"
"fitter","Epilobium","montanum"
"fargo","Leucocrinum","montanum"
"fitter","Malva","moschata"
"fitter","Adoxa","moschatellina"
"concord","Hibiscus","moscheutos"
"konza","Liatris","mucronata"
"concord","Nemopanthes","mucronata"
"konza","Quercus","muehlenbergii"
"konza","Dalea","multiflora"
"fitter","Cymbalaria","muralis"
"fitter","Mycelis","muralis"
"fitter","Hordeum","murinum"
"concord","Hypericum","mutilum"
"fitter","Alopecurus","myosuroides"
"fargo","Rheum","na"
"fargo","Euonymus","nanus"
"fitter","Rorippa","nasturtium-aquaticum"
"konza","Antennaria","neglecta"
"concord","Acer","negundo"
"fargo","Acer","negundo"
"fitter","Poa","nemoralis"
"concord","Solidago","nemoralis"
"fitter","Neottia","nidus-avis"
"fitter","Ballota","nigra"
"fitter","Centaurea","nigra"
"fargo","Juglans","nigra"
"fitter","Populus","nigra"
"fitter","Sambucus","nigra"
"konza","Hedyotis","nigricans"
"fitter","Ribes","nigrum"
"fitter","Verbascum","nigrum"
"concord","Rosa","nitida"
"fitter","Galanthus","nivalis"
"concord","Silene","noctiflora"
"fitter","Scrophularia","nodosa"
"concord","Potentilla","norvegica"
"fargo","Potentilla","norvegica"
"concord","Aster","novae-angliae"
"fargo","Symphyotrichum","novae-angliae"
"concord","Vernonia","noveboracensis"
"concord","Aster","novi-belgii"
"fitter","Aster","novi-belgii"
"concord","Aralia","nudicaulis"
"fargo","Aralia","nudicaulis"
"concord","Desmodium","nudiflorum"
"concord","Lysimachia","nummularia"
"fitter","Helianthemum","nummularium"
"fitter","Carduus","nutans"
"konza","Sorghastrum","nutrans"
"fargo","Monolepis","nuttalliana"
"konza","Evolvulus","nuttallianus"
"fargo","Oenothera","nuttallii"
"konza","Schrankia","nuttallii"
"konza","Zygadenus","nuttallii"
"fargo","Mirabilis","nyctaginea"
"konza","Mirabilis","nyctaginea"
"fargo","Ellisia","nyctelea"
"konza","Symphyotrichum","oblongifolium"
"concord","Gnaphalium","obtusifolium"
"konza","Gnaphalium","obtusifolium"
"concord","Rumex","obtusifolius"
"fitter","Rumex","obtusifolius"
"fargo","Onosmodium","occidentale"
"fargo","Androsace","occidentalis"
"fargo","Celtis","occidentalis"
"konza","Celtis","occidentalis"
"concord","Cephalanthus","occidentalis"
"fargo","Rubus","occidentalis"
"konza","Rubus","occidentalis"
"fargo","Symphoricarpos","occidentalis"
"fargo","Lathyrus","ochroleucus"
"concord","Solidago","odora"
"fargo","Hierochloe","odorata"
"fitter","Viola","odorata"
"fitter","Anthoxanthum","odoratum"
"fitter","Galium","odoratum"
"fargo","Ribes","odoratum"
"concord","Nasturtium","officinale"
"konza","Nasturtium","officinale"
"concord","Sisymbrium","officinale"
"fitter","Sisymbrium","officinale"
"fitter","Symphytum","officinale"
"concord","Taraxacum","officinale"
"fargo","Taraxacum","officinale"
"concord","Asparagus","officinalis"
"fargo","Asparagus","officinalis"
"fitter","Fumaria","officinalis"
"fitter","Galega","officinalis"
"fargo","Melilotus","officinalis"
"fitter","Melilotus","officinalis"
"concord","Saponaria","officinalis"
"fitter","Stachys","officinalis"
"concord","Veronica","officinalis"
"fitter","Veronica","officinalis"
"fitter","Pilosella","officinarum"
"konza","Tradescantia","ohiensis"
"concord","Portulaca","oleracea"
"fargo","Portulaca","oleracea"
"concord","Sonchus","oleraceus"
"fitter","Sonchus","oleraceus"
"konza","Mentzelia","oligosperma"
"concord","Pogonia","ophioglossoides"
"fitter","Chrysosplenium","oppositifolium"
"fargo","Viburnum","opulus"
"fitter","Viburnum","opulus"
"concord","Habenaria","orbiculata"
"concord","Rumex","orbiculatus"
"konza","Symphoricarpos","orbiculatus"
"fargo","Papaver","orientale"
"concord","Polygonum","orientale"
"fitter","Trachystemon","orientale"
"fargo","Conringia","orientalis"
"fargo","Asclepias","ovalifolia"
"fitter","Listera","ovata"
"concord","Vaccinium","oxycoccos"
"concord","Actaea","pachypoda"
"fitter","Equisetum","palustre"
"concord","Calla","palustris"
"concord","Caltha","palustris"
"fargo","Caltha","palustris"
"fitter","Caltha","palustris"
"fargo","Eleocharis","palustris"
"fargo","Lathyrus","palustris"
"concord","Ludwigia","palustris"
"concord","Potentilla","palustris"
"concord","Proserpinaca","palustris"
"fargo","Stachys","palustris"
"fitter","Stachys","palustris"
"fitter","Carex","panicea"
"fitter","Carex","paniculata"
"fargo","Hydrangea","paniculata"
"konza","Desmodium","paniculatum"
"concord","Hieracium","paniculatum"
"fargo","Aster","paniculatus"
"fargo","Viola","papilionacea"
"konza","Dyssodia","papposa"
"fargo","Betula","papyrifera"
"fitter","Tanacetum","parthenium"
"fitter","Impatiens","parviflora"
"fargo","Dracocephalum","parviflorum"
"fitter","Epilobium","parviflorum"
"fargo","Erysimum","parviflorum"
"konza","Scutellaria","parvula"
"konza","Plantago","patagonica"
"concord","Aster","patens"
"fargo","Atriplex","patula"
"concord","Polygala","pauciflora"
"concord","Gerardia","paupercula"
"fargo","Spartina","pectinata"
"konza","Spartina","pectinata"
"concord","Viola","pedata"
"fargo","Viola","pedatifida"
"konza","Viola","pedatifida"
"concord","Gerardia","pedicularia"
"fitter","Lotus","pedunculatus"
"concord","Podophyllum","peltatum"
"fitter","Betula","pendula"
"fargo","Carex","pennsylvanica"
"fargo","Fraxinus","pennsylvanica"
"concord","Cardamine","pensylvanica"
"concord","Morella","pensylvanica"
"concord","Prunus","pensylvanica"
"fargo","Prunus","pensylvanica"
"concord","Acer","pensylvanicum"
"concord","Polygonum","pensylvanicum"
"concord","Comptonia","peregrina"
"concord","Veronica","peregrina"
"fargo","Veronica","peregrina"
"concord","Lupinus","perennis"
"fitter","Mercurialis","perennis"
"concord","Oenothera","perennis"
"concord","Triodanis","perfoliata"
"konza","Triodanus","perfoliata"
"concord","Uvularia","perfoliata"
"concord","Eupatorium","perfoliatum"
"konza","Triosteum","perfoliatum"
"concord","Hypericum","perforatum"
"fitter","Hypericum","perforatum"
"konza","Hypericum","perforatum"
"fitter","Lonicera","periclymenum"
"fargo","Syringa","persica"
"concord","Polygonum","persicaria"
"fargo","Helianthus","petiolaris"
"fitter","Alliaria","petiolata"
"konza","Alliaria","petiolata"
"fitter","Geranium","phaeum"
"concord","Lilium","philadelphicum"
"fargo","Lilium","philadelphicum"
"concord","Erigeron","philadelphicus"
"fargo","Erigeron","philadelphicus"
"konza","Erigeron","philadelphicus"
"fitter","Luzula","pilosa"
"konza","Symphyotrichum","pilosum"
"fargo","Descurainia","pinnata"
"fitter","Brachypodium","pinnatum"
"concord","Mentha","piperita"
"konza","Arnoglossum","plantagineum"
"fitter","Acer","platanoides"
"fargo","Packera","plattensis"
"konza","Packera","plattensis"
"concord","Aegopodium","podagraria"
"fitter","Aegopodium","podagraria"
"concord","Kalmia","polifolia"
"fargo","Opuntia","polyacantha"
"konza","Argemone","polyanthemos"
"concord","Thalictrum","polygamum"
"fitter","Thymus","polytrichus"
"fargo","Carex","praegracilis"
"fitter","Dactylorhiza","praetermissa"
"fitter","Helictotrichon","pratense"
"fitter","Phleum","pratense"
"concord","Trifolium","pratense"
"fargo","Trifolium","pratense"
"fitter","Trifolium","pratense"
"fitter","Alopecurus","pratensis"
"concord","Cardamine","pratensis"
"fitter","Cardamine","pratensis"
"fitter","Festuca","pratensis"
"fitter","Lathyrus","pratensis"
"fargo","Poa","pratensis"
"fitter","Poa","pratensis"
"fitter","Tragopogon","pratensis"
"konza","Viola","pratincola"
"concord","Iris","prismatica"
"concord","Gaultheria","procumbens"
"concord","Sagina","procumbens"
"fitter","Sagina","procumbens"
"fitter","Atriplex","prostrata"
"concord","Iris","pseudacorus"
"fitter","Iris","pseudacorus"
"concord","Robinia","pseudoacacia"
"fargo","Robinia","pseudoacacia"
"konza","Robinia","pseudoacacia"
"fitter","Acer","pseudoplatanus"
"concord","Habenaria","psycodes"
"fitter","Achillea","ptarmica"
"fargo","Sambucus","pubens"
"concord","Goodyera","pubescens"
"fitter","Helictotrichon","pubescens"
"concord","Polygonatum","pubescens"
"concord","Viola","pubescens"
"fargo","Lactuca","pulchella"
"concord","Calopogon","pulchellus"
"concord","Erigeron","pulchellus"
"fitter","Hypericum","pulchrum"
"concord","Hedeoma","pulegioides"
"konza","Physalis","pumila"
"concord","Pilea","pumila"
"concord","Prunus","pumila"
"fargo","Ulmus","pumila"
"konza","Ulmus","pumila"
"konza","Liatris","punctata"
"concord","Hypericum","punctatum"
"concord","Polygonum","punctatum"
"concord","Aster","puniceus"
"fitter","Epipactis","purpurata"
"fargo","Dalea","purpurea"
"konza","Dalea","purpurea"
"fitter","Digitalis","purpurea"
"concord","Ipomoea","purpurea"
"fitter","Salix","purpurea"
"concord","Sarracenia","purpurea"
"concord","Utricularia","purpurea"
"fargo","Liatris","pycnostachya"
"fargo","Caragana","pygmaea"
"fitter","Anacamptis","pyramidalis"
"fitter","Geranium","pyrenaicum"
"concord","Lysimachia","quadrifolia"
"concord","Circaea","quadrisulcata"
"concord","Anemone","quinquefolia"
"fargo","Anemone","quinquefolia"
"concord","Parthenocissus","quinquefolia"
"concord","Aralia","racemosa"
"concord","Cornus","racemosa"
"concord","Leucothoe","racemosa"
"concord","Smilacina","racemosa"
"fargo","Smilacina","racemosa"
"konza","Campsis","radicans"
"concord","Rhus","radicans"
"fitter","Hypochaeris","radicata"
"concord","Aster","radula"
"konza","Viola","rafinesquii"
"fitter","Brassica","rapa"
"concord","Raphanus","raphanistrum"
"concord","Campanula","rapunculoides"
"fargo","Campanula","rapunculoides"
"concord","Viburnum","recognitum"
"concord","Potentilla","recta"
"konza","Potentilla","recta"
"concord","Ranunculus","recurvatus"
"fitter","Matricaria","recutita"
"fargo","Lappula","redowskii"
"fitter","Viola","reichenbachiana"
"fargo","Agropyron","repens"
"fargo","Centaurea","repens"
"fitter","Elytrigia","repens"
"concord","Epigaea","repens"
"fitter","Linaria","repens"
"concord","Mitchella","repens"
"fitter","Ononis","repens"
"concord","Ranunculus","repens"
"fargo","Ranunculus","repens"
"fitter","Ranunculus","repens"
"concord","Trifolium","repens"
"fargo","Trifolium","repens"
"fitter","Trifolium","repens"
"fitter","Ajuga","reptans"
"fargo","Polemonium","reptans"
"fitter","Potentilla","reptans"
"concord","Ranunculus","reptans"
"concord","Amaranthus","retroflexus"
"fargo","Amaranthus","retroflexus"
"fargo","Hippophae","rhamnoides"
"fitter","Papaver","rhoeas"
"fargo","Ranunculus","rhomboideus"
"fargo","Heuchera","richardsonii"
"fargo","Solidago","rigida"
"konza","Solidago","rigida"
"concord","Desmodium","rigidum"
"konza","Helianthus","rigidus"
"concord","Mimulus","ringens"
"fargo","Vitis","riparia"
"concord","Geum","rivale"
"fitter","Viola","riviniana"
"fitter","Symphoricarpos","rivularis"
"concord","Geranium","robertianum"
"fitter","Geranium","robertianum"
"konza","Solanum","rostratum"
"concord","Campanula","rotundifolia"
"fargo","Campanula","rotundifolia"
"concord","Drosera","rotundifolia"
"fargo","Malva","rotundifolia"
"concord","Pyrola","rotundifolia"
"concord","Smilax","rotundifolia"
"concord","Desmodium","rotundifolium"
"fitter","Geranium","rotundifolium"
"concord","Actaea","rubra"
"fargo","Actaea","rubra"
"fitter","Festuca","rubra"
"concord","Spergularia","rubra"
"konza","Ulmus","rubra"
"concord","Ribes","rubrum"
"fargo","Ribes","rubrum"
"fitter","Ribes","rubrum"
"concord","Cornus","rugosa"
"concord","Solidago","rugosa"
"konza","Eupatorium","rugosum"
"concord","Armoracia","rusticana"
"fargo","Armoracia","rusticana"
"fitter","Armoracia","rusticana"
"fargo","Rhus","rydbergii"
"fitter","Hieracium","sabaudum"
"fargo","Acer","saccharinum"
"fargo","Acer","saccharum"
"concord","Crotalaria","sagittalis"
"concord","Viola","sagittata"
"concord","Polygonum","sagittatum"
"concord","Lythrum","salicaria"
"fargo","Lythrum","salicaria"
"fitter","Lythrum","salicaria"
"fitter","Cornus","sanguinea"
"concord","Polygala","sanguinea"
"fitter","Rumex","sanguineus"
"fitter","Avena","sativa"
"concord","Cannabis","sativa"
"fargo","Medicago","sativa"
"concord","Pastinaca","sativa"
"fitter","Pastinaca","sativa"
"fitter","Galium","saxatile"
"fitter","Centaurea","scabiosa"
"konza","Hymenopappus","scabiosaeus"
"concord","Hieracium","scabrum"
"concord","Celastrus","scandens"
"concord","Mikania","scandens"
"fargo","Lactuca","scariola"
"fargo","Ranunculus","sceleratus"
"fargo","Allium","schoenoprasum"
"concord","Brasenia","schreberi"
"fargo","Kochia","scoparia"
"konza","Andropogon","scoparius"
"fargo","Juniperus","scopulorum"
"fargo","Pinus","scopulorum"
"concord","Myosotis","scorpioides"
"fitter","Myosotis","scorpioides"
"concord","Veronica","scutellata"
"fitter","Hordeum","secalinum"
"fitter","Taraxacum","sect. Erythrosperma"
"concord","Penthorum","sedoides"
"concord","Corydalis","sempervirens"
"concord","Lonicera","sempervirens"
"fitter","Pentaglottis","sempervirens"
"fargo","Calystegia","sepium"
"fitter","Calystegia","sepium"
"concord","Convolvulus","sepium"
"fitter","Vicia","sepium"
"konza","Symphyotrichum","sericeum"
"concord","Prunus","serotina"
"concord","Prenanthes","serpentaria"
"concord","Arenaria","serpyllifolia"
"fargo","Euphorbia","serpyllifolia"
"fitter","Polygala","serpyllifolia"
"concord","Veronica","serpyllifolia"
"fitter","Veronica","serpyllifolia"
"fitter","Lactuca","serriola"
"fargo","Oenothera","serrulata"
"konza","Calylophus","serrulatus"
"fargo","Castilleja","sessiliflora"
"concord","Uvularia","sessilifolia"
"fargo","Uvularia","sessilifolia"
"konza","Desmodium","sessilifolium"
"fargo","Othocallis","siberica"
"fitter","Calystegia","silvatica"
"concord","Aster","simplex"
"concord","Potentilla","simplex"
"konza","Verbena","simplex"
"concord","Xanthorhiza","simplicissima"
"fargo","Prinsepia","sinensis"
"konza","Lobelia","siphilitica"
"fitter","Papaver","somniferum"
"fargo","Descurainia","sophia"
"fargo","Catalpa","speciosa"
"konza","Oenothera","speciosa"
"konza","Solidago","speciosa"
"fitter","Heracleum","sphondylium"
"concord","Lobelia","spicata"
"concord","Mentha","spicata"
"fitter","Prunus","spinosa"
"fitter","Senecio","squalidus"
"fargo","Lycoris","squamigera"
"fargo","Grindelia","squarrosa"
"konza","Grindelia","squarrosa"
"fargo","Lappula","squarrosa"
"konza","Silene","stellata"
"fargo","Smilacina","stellata"
"fargo","Allium","stellatum"
"konza","Allium","stellatum"
"konza","Asclepias","stenophylla"
"fitter","Anisantha","sterilis"
"fitter","Potentilla","sterilis"
"concord","Cornus","stolonifera"
"konza","Ruellia","strepens"
"fargo","Oxalis","stricta"
"konza","Verbena","stricta"
"fargo","Chenopodium","strictum"
"konza","Erigeron","strigosus"
"concord","Sium","suave"
"fargo","Alisma","subcordatum"
"fitter","Juncus","subnodulosus"
"fargo","Phlox","subulata"
"konza","Linum","sulcatum"
"konza","Asclepias","sullivantii"
"fitter","Carex","sylvatica"
"fitter","Fagus","sylvatica"
"fitter","Myosotis","sylvatica"
"fitter","Stachys","sylvatica"
"fitter","Brachypodium","sylvaticum"
"fitter","Anthriscus","sylvestris"
"fargo","Malus","sylvestris"
"concord","Malva","sylvestris"
"fitter","Malva","sylvestris"
"concord","Asclepias","syriaca"
"fargo","Asclepias","syriaca"
"konza","Asclepias","syriaca"
"fargo","Beckmannia","syzigachne"
"fargo","Schoenoplectus","tabernaemontani"
"fargo","Lonicera","tatarica"
"fitter","Equisetum","telmateia"
"fitter","Chaerophyllum","temulentum"
"concord","Polygonum","tenue"
"konza","Psoralidium","tenuiflorum"
"concord","Lechea","tenuifolia"
"concord","Lysimachia","terrestris"
"konza","Tribulus","terrestris"
"concord","Goodyera","tesselata"
"concord","Galeopsis","tetrahit"
"fitter","Galeopsis","tetrahit"
"fitter","Hypericum","tetrapterum"
"fargo","Allium","textile"
"fitter","Arabidopsis","thaliana"
"concord","Anemonella","thalictroides"
"concord","Caulophyllum","thalictroides"
"fargo","Caulophyllum","thalictroides"
"concord","Verbascum","thapsus"
"fitter","Verbascum","thapsus"
"konza","Verbascum","thapsus"
"fargo","Berberis","thunbergii"
"fargo","Spiraea","thunbergii"
"concord","Lysimachia","thyrsiflora"
"concord","Lilium","tigrinum"
"concord","Baptisia","tinctoria"
"concord","Genista","tinctoria"
"fargo","Prunus","tomentosa"
"fitter","Rosa","tomentosa"
"concord","Spiraea","tomentosa"
"fitter","Cerastium","tomentosum"
"fitter","Campanula","trachelium"
"fargo","Agropyron","trachycaulus"
"fitter","Populus","tremula"
"fargo","Populus","tremuloides"
"fargo","Gleditsia","triacanthos"
"fitter","Salix","triandra"
"concord","Ranunculus","trichophyllus"
"fargo","Allium","tricoccum"
"fitter","Saxifraga","tridactylites"
"fargo","Ambrosia","trifida"
"concord","Galium","trifidum"
"concord","Galium","triflorum"
"fargo","Galium","triflorum"
"concord","Coptis","trifolia"
"concord","Menyanthes","trifoliata"
"fargo","Prunus","triloba"
"fitter","Moehringia","trinervia"
"concord","Alisma","triviale"
"fitter","Poa","trivialis"
"konza","Asclepias","tuberosa"
"konza","Helianthus","tuberosus"
"concord","Rhus","typhina"
"fargo","Chrysanthemum","uliginosum"
"fitter","Galium","uliginosum"
"concord","Gnaphalium","uliginosum"
"fitter","Filipendula","ulmaria"
"concord","Chimaphila","umbellata"
"concord","Comandra","umbellata"
"konza","Comandra","umbellata"
"concord","Ornithogalum","umbellatum"
"concord","Aster","umbellatus"
"fargo","Cirsium","undulatum"
"konza","Cirsium","undulatum"
"concord","Trillium","undulatum"
"concord","Aster","undulatus"
"fitter","Melica","uniflora"
"concord","Moneses","uniflora"
"concord","Monotropa","uniflora"
"concord","Orobanche","uniflora"
"fitter","Symphytum","uplandicum"
"fitter","Geum","urbanum"
"concord","Verbena","urticifolia"
"fitter","Ribes","uva-crispa"
"concord","Arctostaphylos","uva-ursi"
"concord","Vaccinium","vacillans"
"concord","Coronilla","varia"
"concord","Nuphar","variegata"
"concord","Hieracium","venosum"
"fargo","Lathyrus","venosus"
"fargo","Thalictrum","venulosum"
"fitter","Primula","veris"
"concord","Draba","verna"
"concord","Myosotis","verna"
"fitter","Odontites","verna"
"fitter","Scrophularia","vernalis"
"konza","Spiranthes","vernalis"
"concord","Toxicodendron","vernix"
"fargo","Crocus","vernus"
"concord","Iris","versicolor"
"konza","Asclepias","verticillata"
"concord","Ilex","verticillata"
"concord","Mollugo","verticillata"
"concord","Polygala","verticillata"
"concord","Decodon","verticillatus"
"konza","Hybanthus","verticillatus"
"fitter","Crepis","vesicaria"
"fitter","Onobrychis","viciifolia"
"fargo","Chrysopsis","villosa"
"concord","Lechea","villosa"
"fargo","Syringa","villosa"
"fitter","Salix","viminalis"
"concord","Aster","vimineus"
"concord","Oxalis","violacea"
"fargo","Oxalis","violacea"
"konza","Oxalis","violacea"
"konza","Panicum","virgatum"
"concord","Anemone","virginiana"
"concord","Clematis","virginiana"
"fargo","Clematis","virginiana"
"concord","Fragaria","virginiana"
"fargo","Fragaria","virginiana"
"concord","Hamamelis","virginiana"
"fargo","Juniperus","virginiana"
"konza","Juniperus","virginiana"
"concord","Medeola","virginiana"
"fargo","Ostrya","virginiana"
"konza","Physalis","virginiana"
"concord","Prunus","virginiana"
"fargo","Prunus","virginiana"
"concord","Tephrosia","virginiana"
"concord","Tradescantia","virginiana"
"fargo","Hydrophyllum","virginianum"
"concord","Pycnanthemum","virginianum"
"concord","Bartonia","virginica"
"concord","Claytonia","virginica"
"concord","Krigia","virginica"
"concord","Lespedeza","virginica"
"fargo","Mertensia","virginica"
"concord","Rhexia","virginica"
"concord","Hypericum","virginicum"
"concord","Lepidium","virginicum"
"concord","Lycopus","virginicus"
"concord","Saxifraga","virginiensis"
"fitter","Coeloglossum","viride"
"concord","Veratrum","viride"
"konza","Asclepias","viridiflora"
"konza","Asclepias","viridis"
"fitter","Helleborus","viridis"
"fargo","Stipa","viridula"
"concord","Rhododendron","viscosum"
"fargo","Parthenocissus","vitacea"
"fitter","Clematis","vitalba"
"fargo","Salix","vitellina"
"concord","Cirsium","vulgare"
"fitter","Cirsium","vulgare"
"fitter","Clinopodium","vulgare"
"fitter","Hordeum","vulgare"
"fitter","Leucanthemum","vulgare"
"fitter","Ligustrum","vulgare"
"fitter","Origanum","vulgare"
"concord","Tanacetum","vulgare"
"fitter","Tanacetum","vulgare"
"concord","Aquilegia","vulgaris"
"fitter","Artemisia","vulgaris"
"concord","Barbarea","vulgaris"
"fitter","Barbarea","vulgaris"
"concord","Berberis","vulgaris"
"fitter","Calluna","vulgaris"
"fitter","Carlina","vulgaris"
"fitter","Filipendula","vulgaris"
"concord","Linaria","vulgaris"
"fitter","Linaria","vulgaris"
"fitter","Polygala","vulgaris"
"fitter","Primula","vulgaris"
"concord","Prunella","vulgaris"
"fitter","Prunella","vulgaris"
"konza","Prunella","vulgaris"
"concord","Senecio","vulgaris"
"fitter","Silene","vulgaris"
"fargo","Syringa","vulgaris"
"fitter","Tilia","vulgaris"
"concord","Utricularia","vulgaris"
"concord","Cerastium","vulgatum"
"fargo","Iva","xanthifolia"
